{
  "global": [
    {
      "type": "SET_MODEL_NAME",
      "input": {
        "name": "Accounts"
      },
      "scope": "global",
      "id": "5e54d83c-69f9-4227-a111-ae1a92dd76e8",
      "index": 0,
      "timestamp": "2024-12-03T12:32:05.408Z",
      "hash": "Krg9VBN6zuJ0cdt+FnNDZhdO28k=",
      "skip": 0
    },
    {
      "type": "SET_STATE_SCHEMA",
      "input": {
        "schema": "type AccountsState {\n  \"Add your global state fields here\"\n  _placeholder: String\n}",
        "scope": "global"
      },
      "scope": "global",
      "id": "cb3fa4b1-d737-4fba-b0e6-511bdf2e0a10",
      "index": 1,
      "timestamp": "2024-12-03T12:32:05.415Z",
      "hash": "kQibaXsoNadRQFNce78fMSfOphw=",
      "skip": 0
    },
    {
      "type": "SET_MODEL_ID",
      "input": {
        "id": "powerhouse/accounts"
      },
      "scope": "global",
      "id": "45b9ef49-2d3d-4993-93e4-89355b457c5f",
      "index": 2,
      "timestamp": "2024-12-03T12:32:17.222Z",
      "hash": "eVXDQ1xiq8DDGryq9auYdmbXLJs=",
      "skip": 0
    },
    {
      "type": "SET_STATE_SCHEMA",
      "input": {
        "schema": "type AccountsState {\n    accounts: [AccountEntry!]!\n    taxonomies: [TaxonomyInfo!]!\n    groups: [CashFlowGroup!]!\n}\n\ntype AccountEntry {\n\t\tid: OID!\n\t\taccount: Account!\n\t\tname: String!  # Default: Human-readable variant of account \n\t\ticon: Image\n\t\tdetails: AccountDetails  \n\t\tgroup: OID # Reference to the OID of the CashFlowGroup\n\t\tactiveFrom: DateTime \n    activeUntil: DateTime \n    tags: [Tag!]!\n}\n\n# Union type to handle blockchain and bank accounts\nunion AccountDetails = EoaDetails | MultisigDetails | IbanDetails | WireDetails\n\ntype EoaDetails {\n    address: CryptoAccount! # Blockchain account address\n}\n\ntype MultisigDetails {\n    address: CryptoAccount! # Blockchain account address\n    signers: [SignerGroup!]! # Possible to be an empty object if not filled\n}\n\ntype SignerGroup {\n\t\tnumberOfSigners: Int! # Number of required signers \n    quorum: Int! # Quorum required to complete a transaction \n    signers: [AID!]! # Optional list of signers ( <= number of signers)\n    activeFrom: DateTime \n    activeUntil: DateTime \n}",
        "scope": "global"
      },
      "scope": "global",
      "id": "145a58fc-aa3d-4b99-bd4f-ae25f98899e2",
      "index": 3,
      "timestamp": "2024-12-03T12:34:00.202Z",
      "hash": "E7KXyXWkp+1dFbmiBhBTDE5ugSQ=",
      "skip": 0
    },
    {
      "type": "SET_STATE_SCHEMA",
      "input": {
        "schema": "type AccountsState {\n    accounts: [AccountEntry!]!\n}\n\ntype AccountEntry {\n\t\tid: OID!\n\t\taccount: Account!\n\t\tname: String!  # Default: Human-readable variant of account \n\t\ticon: Image\n\t\tdetails: AccountDetails  \n\t\tgroup: OID # Reference to the OID of the CashFlowGroup\n\t\tactiveFrom: DateTime \n    activeUntil: DateTime \n    tags: [Tag!]!\n}\n\n# Union type to handle blockchain and bank accounts\nunion AccountDetails = EoaDetails | MultisigDetails | IbanDetails | WireDetails\n\ntype EoaDetails {\n    address: CryptoAccount! # Blockchain account address\n}\n\ntype MultisigDetails {\n    address: CryptoAccount! # Blockchain account address\n    signers: [SignerGroup!]! # Possible to be an empty object if not filled\n}\n\ntype SignerGroup {\n\t\tnumberOfSigners: Int! # Number of required signers \n    quorum: Int! # Quorum required to complete a transaction \n    signers: [AID!]! # Optional list of signers ( <= number of signers)\n    activeFrom: DateTime \n    activeUntil: DateTime \n}",
        "scope": "global"
      },
      "scope": "global",
      "id": "d8f9abed-71d6-4858-ae9f-fcc877319314",
      "index": 4,
      "timestamp": "2024-12-03T12:34:12.775Z",
      "hash": "JhaAEAmX8DMBqj4bk3xiI/tsi0s=",
      "skip": 0
    },
    {
      "type": "SET_STATE_SCHEMA",
      "input": {
        "schema": "type AccountsState {\n    accounts: [AccountEntry!]!\n}\n\ntype AccountEntry {\n\t\tid: OID!\n\t\taccount: Account!\n\t\tname: String!  \n\t\ticon: Image\n\t\tdetails: AccountDetails  \n\t\tgroup: OID # Reference to the OID of the CashFlowGroup\n\t\tactiveFrom: DateTime \n        activeUntil: DateTime \n\n}\n\n# Union type to handle blockchain and bank accounts\nunion AccountDetails = EoaDetails | MultisigDetails | IbanDetails | WireDetails\n\ntype EoaDetails {\n    address: CryptoAccount! # Blockchain account address\n}\n\ntype MultisigDetails {\n    address: CryptoAccount! # Blockchain account address\n    signers: [SignerGroup!]! # Possible to be an empty object if not filled\n}\n\ntype SignerGroup {\n\t\tnumberOfSigners: Int! # Number of required signers \n    quorum: Int! # Quorum required to complete a transaction \n    signers: [AID!]! # Optional list of signers ( <= number of signers)\n    activeFrom: DateTime \n    activeUntil: DateTime \n}",
        "scope": "global"
      },
      "scope": "global",
      "id": "c82dfad3-f1f3-4105-bf76-f9e60d3ea36a",
      "index": 5,
      "timestamp": "2024-12-03T12:34:34.353Z",
      "hash": "T5CvGio8pZkn0BkBulAu/KR3yxM=",
      "skip": 0
    },
    {
      "type": "SET_STATE_SCHEMA",
      "input": {
        "schema": "type AccountsState {\n    accounts: [AccountEntry!]!\n}\n\ntype AccountEntry {\n\t\tid: OID!\n\t\taccount: Account!\n\t\tname: String!  \n\t\ticon: Image\n\t\tdetails: AccountDetails  \n\t\tgroup: OID # Reference to the OID of the CashFlowGroup\n\t\tactiveFrom: DateTime \n        activeUntil: DateTime \n\n}\n\n# Union type to handle blockchain and bank accounts\nunion AccountDetails = EoaDetails | MultisigDetails \n\ntype EoaDetails {\n    address: EthereumAddress! # Blockchain account address\n}\n\ntype MultisigDetails {\n    address: EthereumAddress! # Blockchain account address\n}\n",
        "scope": "global"
      },
      "scope": "global",
      "id": "92080d2e-28ee-4820-8750-dfd5829b41d6",
      "index": 6,
      "timestamp": "2024-12-03T12:35:04.665Z",
      "hash": "orMgn1f5FInofVDnk/DCxeOdh/E=",
      "skip": 0
    },
    {
      "type": "SET_STATE_SCHEMA",
      "input": {
        "schema": "type AccountsState {\n    accounts: [AccountEntry!]!\n}\n\ntype AccountEntry {\n\t\tid: OID!\n\t\taccount: EthereumAddress!\n\t\tname: String!  \n\t\ticon: Image\n\t\tdetails: AccountDetails  \n\t\tgroup: OID # Reference to the OID of the CashFlowGroup\n\t\tactiveFrom: DateTime \n        activeUntil: DateTime \n\n}\n\n# Union type to handle blockchain and bank accounts\nunion AccountDetails = EoaDetails | MultisigDetails \n\ntype EoaDetails {\n    address: EthereumAddress! # Blockchain account address\n}\n\ntype MultisigDetails {\n    address: EthereumAddress! # Blockchain account address\n}\n",
        "scope": "global"
      },
      "scope": "global",
      "id": "1bbc2c35-c47b-4f28-8806-0a75aeca6290",
      "index": 7,
      "timestamp": "2024-12-03T12:35:13.804Z",
      "hash": "mEBgDXhMwtsJE/jzJ81gV3RY6SY=",
      "skip": 0
    },
    {
      "type": "SET_STATE_SCHEMA",
      "input": {
        "schema": "type AccountsState {\n    accounts: [AccountEntry!]!\n}\n\ntype AccountEntry {\n\t\tid: OID!\n\t\taccount: EthereumAddress!\n\t\tname: String!  \n\t\tdetails: AccountDetails  \n\t\tgroup: OID # Reference to the OID of the CashFlowGroup\n\t\tactiveFrom: DateTime \n        activeUntil: DateTime \n\n}\n\n# Union type to handle blockchain and bank accounts\nunion AccountDetails = EoaDetails | MultisigDetails \n\ntype EoaDetails {\n    address: EthereumAddress! # Blockchain account address\n}\n\ntype MultisigDetails {\n    address: EthereumAddress! # Blockchain account address\n}\n",
        "scope": "global"
      },
      "scope": "global",
      "id": "9635e0fc-5ff9-4f62-abb4-42d0cc6d1c5a",
      "index": 8,
      "timestamp": "2024-12-03T12:35:22.068Z",
      "hash": "lzYH9rlq7VtZiy13ZP9KvSwY32E=",
      "skip": 0
    },
    {
      "type": "SET_STATE_SCHEMA",
      "input": {
        "schema": "type AccountsState {\n    accounts: [AccountEntry!]!\n}\n\ntype AccountEntry {\n\t\tid: OID!\n\t\taccount: EthereumAddress!\n\t\tname: String!  \n\t\tdetails: AccountDetails  \n\t\tactiveFrom: DateTime \n        activeUntil: DateTime \n\n}\n\n# Union type to handle blockchain and bank accounts\nunion AccountDetails = EoaDetails | MultisigDetails \n\ntype EoaDetails {\n    address: EthereumAddress! # Blockchain account address\n}\n\ntype MultisigDetails {\n    address: EthereumAddress! # Blockchain account address\n}\n",
        "scope": "global"
      },
      "scope": "global",
      "id": "7d103ee4-e971-40e1-b9b4-48b788a03b8e",
      "index": 9,
      "timestamp": "2024-12-03T12:36:29.066Z",
      "hash": "aCUF/ExsL3QNvmndV1j9m7R2nIw=",
      "skip": 0
    },
    {
      "type": "SET_STATE_SCHEMA",
      "input": {
        "schema": "type AccountsState {\n    accounts: [ AccountEntry! ]!\n}\n\ntype AccountEntry {\n\t\tid: OID!\n\t\tname: OLabel  \n\t\taccount: Account\n\t\tbudgetPath: String\n\t\ttype: Enum\n}\n\nEnum AccountType {\n\tProtocol\n\tAuditor\n\tOperational\n\tPayment Processor\n}",
        "scope": "global"
      },
      "scope": "global",
      "id": "e49bb359-79d9-4ae7-b4b7-8bbcc8348b6d",
      "index": 10,
      "timestamp": "2024-12-03T12:38:19.644Z",
      "hash": "bJj7A9fWqPpCA1A0K26dMOwDSyA=",
      "skip": 0
    },
    {
      "type": "ADD_MODULE",
      "input": {
        "id": "kVJVlAVQysUOwTyQKGYMvTQLx9o=",
        "name": "add_accounts"
      },
      "scope": "global",
      "id": "0cc2cfec-f09c-4068-80d4-ca11330295a5",
      "index": 11,
      "timestamp": "2024-12-03T12:44:44.046Z",
      "hash": "+4ljcEWcRruAp+gWSk/5J73Dh58=",
      "skip": 0
    },
    {
      "type": "ADD_OPERATION",
      "input": {
        "id": "exjRXJOmtYfjW/lY86kkdV77D38=",
        "moduleId": "kVJVlAVQysUOwTyQKGYMvTQLx9o=",
        "name": "F"
      },
      "scope": "global",
      "id": "89462dff-61b1-44cf-9715-5f76cd9a3c89",
      "index": 12,
      "timestamp": "2024-12-04T00:52:11.389Z",
      "hash": "vqxcLnGvxoYoWBJbsyERbIvEXhc=",
      "skip": 0
    },
    {
      "type": "SET_OPERATION_SCHEMA",
      "input": {
        "id": "exjRXJOmtYfjW/lY86kkdV77D38=",
        "schema": "input FInput {\n  \"Add your inputs here\"\n  _placeholder: String\n}"
      },
      "scope": "global",
      "id": "bfd189e0-7922-4f38-ae7d-e708a5d1eaca",
      "index": 13,
      "timestamp": "2024-12-04T00:52:11.405Z",
      "hash": "JJYCv2plvDnLxBpUzsHNINPyHw0=",
      "skip": 0
    },
    {
      "type": "SET_INITIAL_STATE",
      "input": {
        "initialValue": "{\n  \"accounts\": []\n}",
        "scope": "global"
      },
      "scope": "global",
      "id": "c082462a-5e7f-4df3-9318-bf6eb0411816",
      "index": 14,
      "timestamp": "2024-12-04T00:55:05.112Z",
      "hash": "FXCHLKWuAtZbp0gCqMyPKdxiTio=",
      "skip": 0
    },
    {
      "type": "SET_MODULE_NAME",
      "input": {
        "id": "kVJVlAVQysUOwTyQKGYMvTQLx9o=",
        "name": "accounts"
      },
      "scope": "global",
      "id": "e07928f5-8a53-40a6-be26-23c6f6b9fb26",
      "index": 15,
      "timestamp": "2024-12-04T00:55:22.778Z",
      "hash": "9PH7a/z7fq3DLAa4IdCI+k5qsh4=",
      "skip": 0
    },
    {
      "type": "SET_OPERATION_NAME",
      "input": {
        "id": "exjRXJOmtYfjW/lY86kkdV77D38=",
        "name": "CREATE_ACCOUNT"
      },
      "scope": "global",
      "id": "a2dd80ad-46ce-4763-9c5e-0e6546046a0d",
      "index": 16,
      "timestamp": "2024-12-04T00:55:28.336Z",
      "hash": "0f0PYTNKZJiHyBOHS70zVQfw2zs=",
      "skip": 0
    },
    {
      "type": "SET_OPERATION_DESCRIPTION",
      "input": {
        "id": "exjRXJOmtYfjW/lY86kkdV77D38=",
        "description": "Adds a new account to the accounts state."
      },
      "scope": "global",
      "id": "c0dfded5-f246-4932-b2f7-39e6dc4187d6",
      "index": 17,
      "timestamp": "2024-12-04T00:55:34.165Z",
      "hash": "P8WlUxIwJHKiIeT9rINhY/eGPTg=",
      "skip": 0
    },
    {
      "type": "SET_OPERATION_SCHEMA",
      "input": {
        "id": "exjRXJOmtYfjW/lY86kkdV77D38=",
        "schema": "input CreateAccountInput {\n  name: OLabel\n  account: AccountInput!\n  budgetPath: String\n  type: AccountType!\n}"
      },
      "scope": "global",
      "id": "7e0fa5d3-0782-4890-b741-ee38853bc7e5",
      "index": 18,
      "timestamp": "2024-12-04T00:55:43.722Z",
      "hash": "NI+WlEXIHrPzHUwd6YRQxv7LCj4=",
      "skip": 0
    },
    {
      "type": "SET_STATE_SCHEMA",
      "input": {
        "schema": "type AccountsState {\n    accounts: [ AccountEntry! ]!\n}\n\ntype AccountEntry {\n\t\tid: OID!\n\t\tname: OLabel  \n\t\taccount: EthereumAddress\n\t\tbudgetPath: String\n\t\ttype: Enum\n}\n\nEnum AccountType {\n\tProtocol\n\tAuditor\n\tOperational\n\tPayment Processor\n}",
        "scope": "global"
      },
      "scope": "global",
      "id": "e688edf5-b3f0-41b7-971c-bb1b9cff88e9",
      "index": 19,
      "timestamp": "2024-12-04T01:03:24.521Z",
      "hash": "0Fdsr48nWD1RFrhevF+qwPHwT2Q=",
      "skip": 0
    },
    {
      "type": "SET_OPERATION_SCHEMA",
      "input": {
        "id": "exjRXJOmtYfjW/lY86kkdV77D38=",
        "schema": "input CreateAccountInput {\n  name: OLabel\n  account: EthereumAddress!\n  budgetPath: String\n  type: AccountType!\n}"
      },
      "scope": "global",
      "id": "cc085bf7-ce51-4665-bc98-c27df68a48bc",
      "index": 20,
      "timestamp": "2024-12-04T01:03:31.628Z",
      "hash": "xsw3hN9GggkQQhQVwsVUsZ7gBfE=",
      "skip": 0
    },
    {
      "type": "SET_OPERATION_SCHEMA",
      "input": {
        "id": "exjRXJOmtYfjW/lY86kkdV77D38=",
        "schema": "input CreateAccountInput {\n  name: OLabel\n  account: EthereumAddress!\n  budgetPath: String\n  type: AccountType!\n}\n\nenum AccountType {\n\tProtocol\n\tAuditor\n\tOperational\n\tPayment Processor\n}"
      },
      "scope": "global",
      "id": "e24b9cfe-f327-4b96-803f-9f2fe215effe",
      "index": 21,
      "timestamp": "2024-12-04T01:03:44.407Z",
      "hash": "WqL2yd880FjXgDUcqc8TN/8Rk8A=",
      "skip": 0
    },
    {
      "type": "ADD_OPERATION",
      "input": {
        "id": "k89uw03p6AfiVUqNoJ0iWPnry2s=",
        "moduleId": "kVJVlAVQysUOwTyQKGYMvTQLx9o=",
        "name": "UPDATE_ACCOUNT"
      },
      "scope": "global",
      "id": "bc21f6a2-70bd-4713-b34c-25e13e7a4e8f",
      "index": 22,
      "timestamp": "2024-12-04T01:04:01.803Z",
      "hash": "EwZiCdILDvIpWVPZdO1Zzf4QrQQ=",
      "skip": 0
    },
    {
      "type": "SET_OPERATION_SCHEMA",
      "input": {
        "id": "k89uw03p6AfiVUqNoJ0iWPnry2s=",
        "schema": "input UpdateAccountInput {\n  \"Add your inputs here\"\n  _placeholder: String\n}"
      },
      "scope": "global",
      "id": "57e6b5fc-b98e-4d20-8856-e197b31a1e33",
      "index": 23,
      "timestamp": "2024-12-04T01:04:01.837Z",
      "hash": "DL3ocqEcdD0+my8ADFtJHMr4uSE=",
      "skip": 0
    },
    {
      "type": "SET_OPERATION_DESCRIPTION",
      "input": {
        "id": "k89uw03p6AfiVUqNoJ0iWPnry2s=",
        "description": "Updates an existing account in the accounts state."
      },
      "scope": "global",
      "id": "72af63f0-31bc-4497-84e2-1222160dade4",
      "index": 24,
      "timestamp": "2024-12-04T01:04:09.463Z",
      "hash": "C4s1AlLDV5bwNzfxBoWimVYff9s=",
      "skip": 0
    },
    {
      "type": "SET_OPERATION_SCHEMA",
      "input": {
        "id": "k89uw03p6AfiVUqNoJ0iWPnry2s=",
        "schema": "input UpdateAccountInput {\n  name: OLabel\n  account: AccountInput\n  budgetPath: String\n  type: AccountType\n}"
      },
      "scope": "global",
      "id": "3bf4a175-dfb6-4a18-bddd-e4051cd38c52",
      "index": 25,
      "timestamp": "2024-12-04T01:04:20.854Z",
      "hash": "FmK/RYYCSQXeMiwO6jGIi3OqzD0=",
      "skip": 0
    },
    {
      "type": "SET_OPERATION_SCHEMA",
      "input": {
        "id": "k89uw03p6AfiVUqNoJ0iWPnry2s=",
        "schema": "input UpdateAccountInput {\n  name: OLabel\n  account: EthereumAddress\n  budgetPath: String\n  type: AccountType\n}"
      },
      "scope": "global",
      "id": "50c749a9-9f85-4494-9f05-f235521a7bba",
      "index": 26,
      "timestamp": "2024-12-04T01:04:23.780Z",
      "hash": "KcHN0kemDyZLe+hjF2ivduzmyLc=",
      "skip": 0
    },
    {
      "type": "ADD_OPERATION",
      "input": {
        "id": "m4uUdA5Iuq+WrUyIpy8pyrdur+E=",
        "moduleId": "kVJVlAVQysUOwTyQKGYMvTQLx9o=",
        "name": "DELETE_ACCOUNT"
      },
      "scope": "global",
      "id": "605e2fe2-1949-4ffd-81b7-8d607ef7d0ba",
      "index": 27,
      "timestamp": "2024-12-04T07:14:49.951Z",
      "hash": "rCV8eurZG42utRUCl6VNCT/wA+E=",
      "skip": 0
    },
    {
      "type": "SET_OPERATION_SCHEMA",
      "input": {
        "id": "m4uUdA5Iuq+WrUyIpy8pyrdur+E=",
        "schema": "input DeleteAccountInput {\n  \"Add your inputs here\"\n  _placeholder: String\n}"
      },
      "scope": "global",
      "id": "0613e5f0-91de-43cb-9bcd-b8451d7980ab",
      "index": 28,
      "timestamp": "2024-12-04T07:14:49.975Z",
      "hash": "Q5MPHqyzN/VUWWwm6XoztRv6Nyg=",
      "skip": 0
    },
    {
      "type": "SET_OPERATION_SCHEMA",
      "input": {
        "id": "m4uUdA5Iuq+WrUyIpy8pyrdur+E=",
        "schema": "input DeleteAccountInput {\n  \n}"
      },
      "scope": "global",
      "id": "627347f2-27f0-4678-82bd-5bf3f13e9382",
      "index": 29,
      "timestamp": "2024-12-04T07:15:02.339Z",
      "hash": "XeProDe3RkmzUo4I71G2wEEmY28=",
      "skip": 0
    },
    {
      "type": "SET_OPERATION_SCHEMA",
      "input": {
        "id": "m4uUdA5Iuq+WrUyIpy8pyrdur+E=",
        "schema": "input DeleteAccountInput {\n  id: ID!\n}"
      },
      "scope": "global",
      "id": "34e08ce6-ec0c-40f1-9916-dcb04b7dda54",
      "index": 30,
      "timestamp": "2024-12-04T07:15:39.682Z",
      "hash": "VG9Izm0OC1v2vuOCtFeNhAYI3pg=",
      "skip": 0
    },
    {
      "type": "SET_MODEL_EXTENSION",
      "input": {
        "extension": ".phdm"
      },
      "scope": "global",
      "id": "ffea6522-e6fc-4778-9c29-f7b2c9659ee8",
      "index": 31,
      "timestamp": "2024-12-04T07:16:09.343Z",
      "hash": "IS/irN1Ljt2oIEYArTihyupGgiw=",
      "skip": 0
    },
    {
      "type": "SET_MODEL_DESCRIPTION",
      "input": {
        "description": "The Accounts model manages a collection of financial accounts within the system. Each account entry encapsulates essential information such as the account's identity, type, associated budget path, and related account details. "
      },
      "scope": "global",
      "id": "dcc6e58a-abba-493e-90a1-808281db23b8",
      "index": 32,
      "timestamp": "2024-12-04T07:17:12.896Z",
      "hash": "aiSl9fIkSIWKPoRckO9GTgealbo=",
      "skip": 0
    },
    {
      "type": "SET_AUTHOR_NAME",
      "input": {
        "authorName": "Teep"
      },
      "scope": "global",
      "id": "78b47f70-bdec-4b2c-9545-bf76ba395879",
      "index": 33,
      "timestamp": "2024-12-04T07:17:15.159Z",
      "hash": "YSkoZyYSU95twvPQWhU5lFRcayk=",
      "skip": 0
    },
    {
      "type": "SET_STATE_SCHEMA",
      "input": {
        "schema": "type AccountsState {\n    accounts: [ AccountEntry! ]!\n}\n\ntype AccountEntry {\n\t\tid: OID!\n\t\tname: OLabel  \n\t\taccount: EthereumAddress\n\t\tbudgetPath: String\n\t\ttype: AccountType\n}\n\nenum AccountType {\n\tProtocol\n\tAuditor\n\tOperational\n\tPayment Processor\n}",
        "scope": "global"
      },
      "scope": "global",
      "id": "9fbba996-76b2-460f-bf6b-f26196e43cd9",
      "index": 34,
      "timestamp": "2024-12-04T07:20:17.046Z",
      "hash": "QU1keVXS9rEEwYry42vOLop7cpw=",
      "skip": 0
    }
  ],
  "local": []
}