{
  "global": [
    {
      "context": {
        "signer": {
          "app": {
            "name": "Connect",
            "key": "did:key:zDnaem8jTBb6dMSzVEoPHSTsGMfb2zqTLvrc8fSdrmspU6UCF"
          },
          "user": {
            "address": "0x48f208afD0Abeacd4e7C8839Ea19e3CcCF0433DE",
            "networkId": "eip155",
            "chainId": 1
          },
          "signatures": [
            [
              "1732880371",
              "did:key:zDnaem8jTBb6dMSzVEoPHSTsGMfb2zqTLvrc8fSdrmspU6UCF",
              "Q1uiPl6kapjamHGQyGS80CnV/pw=",
              "",
              "0xc5f3ade699ee36b5432182b2ec43c81f621f2cdb447b1f9a7ff363106babeccbbac4b4b58306b7cf7cc454e856b3c4ca514d2550fcccd50e316fa50b1ce9a30e"
            ]
          ]
        }
      },
      "type": "SET_MODEL_NAME",
      "input": {
        "name": "AccounTransactions"
      },
      "scope": "global",
      "id": "b9f5fd65-1821-4d0d-b439-8b445c546503",
      "index": 0,
      "timestamp": "2024-11-29T11:39:31.448Z",
      "hash": "CfP5t0RYpI39OL5a4btwL9jBZHg=",
      "skip": 0
    },
    {
      "context": {
        "signer": {
          "app": {
            "name": "Connect",
            "key": "did:key:zDnaem8jTBb6dMSzVEoPHSTsGMfb2zqTLvrc8fSdrmspU6UCF"
          },
          "user": {
            "address": "0x48f208afD0Abeacd4e7C8839Ea19e3CcCF0433DE",
            "networkId": "eip155",
            "chainId": 1
          },
          "signatures": [
            [
              "1732880371",
              "did:key:zDnaem8jTBb6dMSzVEoPHSTsGMfb2zqTLvrc8fSdrmspU6UCF",
              "Rgq8kV7+v2bmkP/kPRZ2zwANnzw=",
              "CfP5t0RYpI39OL5a4btwL9jBZHg=",
              "0x567e938968cf943de065bfcd8be7a2b908dddf13b75c1014b7e43f53cb74de7fdd520e2ad9dfc894a1767c3e2e1933cae1bd107ba774ef6bcb652c6e8a8b3b70"
            ]
          ]
        }
      },
      "type": "SET_STATE_SCHEMA",
      "input": {
        "schema": "type AccounTransactionsState {\n  \"Add your global state fields here\"\n  _placeholder: String\n}",
        "scope": "global"
      },
      "scope": "global",
      "id": "75b5994b-0153-4d59-b586-81fc45a8efb1",
      "index": 1,
      "timestamp": "2024-11-29T11:39:31.449Z",
      "hash": "dTk3GQK/fHc0jKvhLEyWTnn71KU=",
      "skip": 0
    },
    {
      "context": {
        "signer": {
          "app": {
            "name": "Connect",
            "key": "did:key:zDnaem8jTBb6dMSzVEoPHSTsGMfb2zqTLvrc8fSdrmspU6UCF"
          },
          "user": {
            "address": "0x48f208afD0Abeacd4e7C8839Ea19e3CcCF0433DE",
            "networkId": "eip155",
            "chainId": 1
          },
          "signatures": [
            [
              "1732880381",
              "did:key:zDnaem8jTBb6dMSzVEoPHSTsGMfb2zqTLvrc8fSdrmspU6UCF",
              "3pl1DinMxmk7lbfPMvOM/tYT2NI=",
              "dTk3GQK/fHc0jKvhLEyWTnn71KU=",
              "0x630252cfe9603203b1a66df4b39e547528a2ee55ab4132a5002c87e6510deaebb3b7ca8dccdc28c3bcc861a791fbf2baf2a93d80a7d41043ea2f8134e1b4f50e"
            ]
          ]
        }
      },
      "type": "SET_MODEL_ID",
      "input": {
        "id": "powerhouse/accountTransactions"
      },
      "scope": "global",
      "id": "3a1b9230-cc09-449a-b6c6-ea999723be9c",
      "index": 2,
      "timestamp": "2024-11-29T11:39:41.166Z",
      "hash": "ogbRh7NAjlrGDo7clIxccGvIJfI=",
      "skip": 0
    },
    {
      "context": {
        "signer": {
          "app": {
            "name": "Connect",
            "key": "did:key:zDnaem8jTBb6dMSzVEoPHSTsGMfb2zqTLvrc8fSdrmspU6UCF"
          },
          "user": {
            "address": "0x48f208afD0Abeacd4e7C8839Ea19e3CcCF0433DE",
            "networkId": "eip155",
            "chainId": 1
          },
          "signatures": [
            [
              "1732880386",
              "did:key:zDnaem8jTBb6dMSzVEoPHSTsGMfb2zqTLvrc8fSdrmspU6UCF",
              "+4F11sq3ENQzCh9pWrOCtDpo/5Y=",
              "ogbRh7NAjlrGDo7clIxccGvIJfI=",
              "0x361553bdfdb6273e6d1cd56adf1db43f4e417614c9763f0dabb4ad52d02a47e2e499eef1905bcdc218770d5c2c14dcb1e6197b43c69e5378d2233b25bd009006"
            ]
          ]
        }
      },
      "type": "SET_STATE_SCHEMA",
      "input": {
        "schema": "type AccountTransactionsState {\n  transactions: [TransactionEntry!]!\n}\n\ntype TransactionEntry {\n  id: ID!\n  fromAccount: EthereumAddress\n  toAccount: EthereumAddress\n  amount: Amount_Money!\n  datetime: DateTime!\n  details: TransactionDetails!\n}\n\nunion TransactionDetails = CryptoTransactionDetails | BankTransactionDetails\n\ntype CryptoTransactionDetails {\n  txHash: String!\n  token: Currency!\n  blockNumber: Int\n}\n\ntype BankTransactionDetails {\n  currency: Currency!\n  transactionId: String\n  referenceNumber: String\n}\n",
        "scope": "global"
      },
      "scope": "global",
      "id": "a4a9dfaa-7fb5-4ec9-8978-3442f3f181cc",
      "index": 3,
      "timestamp": "2024-11-29T11:39:46.113Z",
      "hash": "TqoqJv/Wbb3lSrAsopfY9YP+Q0g=",
      "skip": 0
    },
    {
      "context": {
        "signer": {
          "app": {
            "name": "Connect",
            "key": "did:key:zDnaem8jTBb6dMSzVEoPHSTsGMfb2zqTLvrc8fSdrmspU6UCF"
          },
          "user": {
            "address": "0x48f208afD0Abeacd4e7C8839Ea19e3CcCF0433DE",
            "networkId": "eip155",
            "chainId": 1
          },
          "signatures": [
            [
              "1732880394",
              "did:key:zDnaem8jTBb6dMSzVEoPHSTsGMfb2zqTLvrc8fSdrmspU6UCF",
              "bBpBniaxgYopRnNrZSrXOa1+F8o=",
              "TqoqJv/Wbb3lSrAsopfY9YP+Q0g=",
              "0xcd4171335c8317658fe370709ebf345bf91feaa4de0dfd88573d9401c309dacfcf1bdd69adba6918eb4b5c405ccc9fa89bebce293fb31e7b7f99c42154e4a6d7"
            ]
          ]
        }
      },
      "type": "SET_MODEL_NAME",
      "input": {
        "name": "AccountTransactions"
      },
      "scope": "global",
      "id": "6af6e909-1632-496b-ad20-de41532dd599",
      "index": 4,
      "timestamp": "2024-11-29T11:39:54.490Z",
      "hash": "RbisqPOLkj4+kFg5opqQtNoKdjQ=",
      "skip": 0
    },
    {
      "type": "SET_INITIAL_STATE",
      "input": {
        "initialValue": "{\n  \"transactions\": []\n}",
        "scope": "global"
      },
      "scope": "global",
      "id": "62d395f2-064c-4d51-ab0e-5d4475e77b80",
      "index": 5,
      "timestamp": "2024-11-29T11:48:41.807Z",
      "hash": "DoSirKScMXnEbbI0F67g2WDEal4=",
      "skip": 0
    },
    {
      "type": "ADD_MODULE",
      "input": {
        "id": "87XGHGmHfCwsHcJWzg8vfHUEF3k=",
        "name": "input"
      },
      "scope": "global",
      "id": "ba61d6a0-3fb1-43e9-8ec4-103e76a17d19",
      "index": 6,
      "timestamp": "2024-12-02T05:18:21.269Z",
      "hash": "hfO1F4i3qjxiPPNZgMbFi0idOpw=",
      "skip": 0
    },
    {
      "type": "ADD_OPERATION",
      "input": {
        "id": "Sogtf1zw5A7oeK5/bloa3DYaB+k=",
        "moduleId": "87XGHGmHfCwsHcJWzg8vfHUEF3k=",
        "name": "ADD_TRANSACTION"
      },
      "scope": "global",
      "id": "8c3b0f52-624c-4daa-ab33-fa7872f1aa98",
      "index": 7,
      "timestamp": "2024-12-02T05:18:50.916Z",
      "hash": "LlqJCWltT00aqiiALAzqn0ZQz/s=",
      "skip": 0
    },
    {
      "type": "SET_OPERATION_SCHEMA",
      "input": {
        "id": "Sogtf1zw5A7oeK5/bloa3DYaB+k=",
        "schema": "input AddTransactionInput {\n  \"Add your inputs here\"\n  _placeholder: String\n}"
      },
      "scope": "global",
      "id": "318fd219-7afe-4f65-ab5f-790418af9d24",
      "index": 8,
      "timestamp": "2024-12-02T05:18:50.940Z",
      "hash": "xKcoCEKLP0ET7C9dBdqsCnGtROM=",
      "skip": 0
    },
    {
      "type": "SET_MODULE_NAME",
      "input": {
        "id": "87XGHGmHfCwsHcJWzg8vfHUEF3k=",
        "name": "create_account_entry"
      },
      "scope": "global",
      "id": "60933a1c-8649-48ee-93fc-4e1bd6e4a452",
      "index": 9,
      "timestamp": "2024-12-02T05:19:22.022Z",
      "hash": "Ctp59JaSCAZZxnJLp6tt8i0bQuk=",
      "skip": 0
    },
    {
      "type": "SET_OPERATION_NAME",
      "input": {
        "id": "Sogtf1zw5A7oeK5/bloa3DYaB+k=",
        "name": "CREATE_TRANSACTION_ENTRY"
      },
      "scope": "global",
      "id": "a0f85e23-74a7-4015-b5b3-efaeedab2b42",
      "index": 10,
      "timestamp": "2024-12-02T05:19:36.403Z",
      "hash": "Uaxus8TLgfc3D4nOHiKh8ADgfDI=",
      "skip": 0
    },
    {
      "type": "SET_MODULE_NAME",
      "input": {
        "id": "87XGHGmHfCwsHcJWzg8vfHUEF3k=",
        "name": "create_transaction"
      },
      "scope": "global",
      "id": "5cd6e3a7-0ceb-4e9f-9914-f641c89afa32",
      "index": 11,
      "timestamp": "2024-12-02T05:19:47.735Z",
      "hash": "NwZiT0licLtPnDGN/SOSM3Rma0w=",
      "skip": 0
    },
    {
      "type": "SET_MODULE_NAME",
      "input": {
        "id": "87XGHGmHfCwsHcJWzg8vfHUEF3k=",
        "name": "create_transaction_entry"
      },
      "scope": "global",
      "id": "70aee15b-b075-4749-9a36-4a392bd28057",
      "index": 12,
      "timestamp": "2024-12-02T05:19:53.509Z",
      "hash": "vA3PdMbhW9P8B18A5VjtLfOZTmw=",
      "skip": 0
    },
    {
      "type": "SET_MODEL_ID",
      "input": {
        "id": "powerhouse/account-transactions"
      },
      "scope": "global",
      "id": "33ac910f-d83e-4564-9d63-fede46371690",
      "index": 13,
      "timestamp": "2024-12-03T10:28:53.599Z",
      "hash": "eegG8Y3z8Uhpvf9CJDtfq3rVPc4=",
      "skip": 0
    },
    {
      "type": "SET_OPERATION_DESCRIPTION",
      "input": {
        "id": "Sogtf1zw5A7oeK5/bloa3DYaB+k=",
        "description": "Create a transaction entry"
      },
      "scope": "global",
      "id": "e20b8664-b27a-4014-b939-0a10f6c32a75",
      "index": 14,
      "timestamp": "2024-12-03T11:02:11.982Z",
      "hash": "xQ+AG9oE5M+p4Pyi2o8MNsjonl0=",
      "skip": 0
    },
    {
      "type": "SET_MODULE_NAME",
      "input": {
        "id": "87XGHGmHfCwsHcJWzg8vfHUEF3k=",
        "name": "account_transactions"
      },
      "scope": "global",
      "id": "12ac2f6f-07de-469d-9cf9-917c121d0cb1",
      "index": 15,
      "timestamp": "2024-12-03T11:07:55.870Z",
      "hash": "7tKN7c/7kjRurUpT8E0jMo1wlUs=",
      "skip": 0
    },
    {
      "type": "SET_OPERATION_DESCRIPTION",
      "input": {
        "id": "Sogtf1zw5A7oeK5/bloa3DYaB+k=",
        "description": "Adds a new transaction to the account transactions state."
      },
      "scope": "global",
      "id": "91134998-4497-4dc2-9a47-f258f56e5150",
      "index": 16,
      "timestamp": "2024-12-03T11:08:01.978Z",
      "hash": "JRJYOf4lsE5i+OBX2D9XXaJImio=",
      "skip": 0
    },
    {
      "type": "SET_OPERATION_SCHEMA",
      "input": {
        "id": "Sogtf1zw5A7oeK5/bloa3DYaB+k=",
        "schema": ""
      },
      "scope": "global",
      "id": "73dab60a-4b00-4728-8f36-0bb236cbe1d9",
      "index": 17,
      "timestamp": "2024-12-03T11:08:11.804Z",
      "hash": "Gm5jpHX2kgDrO1h4ZAMZkO5g29A=",
      "skip": 0
    },
    {
      "type": "SET_OPERATION_SCHEMA",
      "input": {
        "id": "Sogtf1zw5A7oeK5/bloa3DYaB+k=",
        "schema": ""
      },
      "scope": "global",
      "id": "f2328afe-f341-441d-bf85-545f0a3b043a",
      "index": 18,
      "timestamp": "2024-12-03T11:08:14.084Z",
      "hash": "Gm5jpHX2kgDrO1h4ZAMZkO5g29A=",
      "skip": 0
    },
    {
      "type": "SET_OPERATION_SCHEMA",
      "input": {
        "id": "Sogtf1zw5A7oeK5/bloa3DYaB+k=",
        "schema": "input CreateTransactionInput {\n  fromAccount: EthereumAddress\n  toAccount: EthereumAddress!\n  amount: Amount_Money!\n  datetime: DateTime!\n  details: TransactionDetailsInput!\n}\n\ninput TransactionDetailsInput {\n  __typename: String!\n  # For CryptoTransactionDetails\n  txHash: String\n  token: Currency\n  blockNumber: Int\n  # For BankTransactionDetails\n  currency: Currency\n  transactionId: String\n  referenceNumber: String\n}"
      },
      "scope": "global",
      "id": "5de0b02d-08d3-4587-965f-2d4bb0c98733",
      "index": 19,
      "timestamp": "2024-12-03T11:08:17.901Z",
      "hash": "ixtdD5R6g2cRnCqrW+tEEm7G6Vk=",
      "skip": 0
    },
    {
      "type": "ADD_OPERATION",
      "input": {
        "id": "kVD5pEzD+MwUp+AX3edMzGXo2F8=",
        "moduleId": "87XGHGmHfCwsHcJWzg8vfHUEF3k=",
        "name": "UPDATE_TRANSACTION"
      },
      "scope": "global",
      "id": "24a49707-2ef8-424d-b323-1b0088937d9e",
      "index": 20,
      "timestamp": "2024-12-03T11:09:59.968Z",
      "hash": "TVPSI57ZiO7PBs4YRLVm+2ORsTQ=",
      "skip": 0
    },
    {
      "type": "SET_OPERATION_SCHEMA",
      "input": {
        "id": "kVD5pEzD+MwUp+AX3edMzGXo2F8=",
        "schema": "input UpdateTransactionInput {\n  \"Add your inputs here\"\n  _placeholder: String\n}"
      },
      "scope": "global",
      "id": "c7013880-e655-43c6-ad68-cf14154e4657",
      "index": 21,
      "timestamp": "2024-12-03T11:10:00.002Z",
      "hash": "g7C3eK/OEucyOtlGrKJ52BZPOeY=",
      "skip": 0
    },
    {
      "type": "SET_OPERATION_NAME",
      "input": {
        "id": "kVD5pEzD+MwUp+AX3edMzGXo2F8=",
        "name": "UPDATE_TRANSACTION_ENTRY"
      },
      "scope": "global",
      "id": "9ca43c1a-d296-4595-9abd-162a0078534c",
      "index": 22,
      "timestamp": "2024-12-03T11:10:08.997Z",
      "hash": "/TkDRT0wwsEmiOMYu/Kca/q2fX8=",
      "skip": 0
    },
    {
      "type": "SET_OPERATION_DESCRIPTION",
      "input": {
        "id": "kVD5pEzD+MwUp+AX3edMzGXo2F8=",
        "description": "Updates an existing transaction in the account transactions state."
      },
      "scope": "global",
      "id": "d1e918d6-634c-4b80-bfa2-0d6fd54e8283",
      "index": 23,
      "timestamp": "2024-12-03T11:10:18.852Z",
      "hash": "VEkiLTSDgAphV6P0TDZ88CWbYek=",
      "skip": 0
    },
    {
      "type": "SET_OPERATION_SCHEMA",
      "input": {
        "id": "kVD5pEzD+MwUp+AX3edMzGXo2F8=",
        "schema": "input UpdateTransactionInput {\n  fromAccount: EthereumAddress\n  toAccount: EthereumAddress\n  amount: Amount_Money\n  datetime: DateTime\n  details: TransactionDetailsInput\n}\n\n"
      },
      "scope": "global",
      "id": "64599290-3f62-4cd1-b186-73c8570672c9",
      "index": 24,
      "timestamp": "2024-12-03T11:10:37.978Z",
      "hash": "wi9Bud80cAaHFftrv9uBE0G2QiY=",
      "skip": 0
    },
    {
      "type": "SET_OPERATION_SCHEMA",
      "input": {
        "id": "kVD5pEzD+MwUp+AX3edMzGXo2F8=",
        "schema": "input UpdateTransactionInput {\n  fromAccount: EthereumAddress\n  toAccount: EthereumAddress\n  amount: Amount_Money\n  datetime: DateTime\n  details: TransactionDetailsInput\n}\n\ninput TransactionDetailsInput {\n  __typename: String!\n  # For CryptoTransactionDetails\n  txHash: String\n  token: Currency\n  blockNumber: Int\n  # For BankTransactionDetails\n  currency: Currency\n  transactionId: String\n  referenceNumber: String\n}"
      },
      "scope": "global",
      "id": "b21ce76a-b760-4c71-b2d8-500f61377a85",
      "index": 25,
      "timestamp": "2024-12-03T11:10:46.491Z",
      "hash": "vk5voz0yAOcHQn7w6RN67KrgOeQ=",
      "skip": 0
    },
    {
      "type": "SET_OPERATION_SCHEMA",
      "input": {
        "id": "kVD5pEzD+MwUp+AX3edMzGXo2F8=",
        "schema": ""
      },
      "scope": "global",
      "id": "3c7eabca-a6a3-4bfd-9650-aa842712565f",
      "index": 26,
      "timestamp": "2024-12-03T11:10:57.625Z",
      "hash": "EyCKZ5/vStfqpDhsSqMhPe1tPts=",
      "skip": 0
    },
    {
      "type": "SET_OPERATION_SCHEMA",
      "input": {
        "id": "kVD5pEzD+MwUp+AX3edMzGXo2F8=",
        "schema": ""
      },
      "scope": "global",
      "id": "8a5ea457-a638-4588-9266-a62ab38fe7de",
      "index": 27,
      "timestamp": "2024-12-03T11:10:58.518Z",
      "hash": "EyCKZ5/vStfqpDhsSqMhPe1tPts=",
      "skip": 0
    },
    {
      "type": "SET_OPERATION_SCHEMA",
      "input": {
        "id": "kVD5pEzD+MwUp+AX3edMzGXo2F8=",
        "schema": "input UpdateTransactionInput {\n  fromAccount: EthereumAddress\n  toAccount: EthereumAddress\n  amount: Amount_Money\n  datetime: DateTime\n  details: TransactionDetailsInput\n}\n\ninput TransactionDetailsInput {\n  __typename: String!\n  # For CryptoTransactionDetails\n  txHash: String\n  token: Currency\n  blockNumber: Int\n  # For BankTransactionDetails\n  currency: Currency\n  transactionId: String\n  referenceNumber: String\n}"
      },
      "scope": "global",
      "id": "4d943a0c-bfb4-4ad3-88c2-e0881350f28a",
      "index": 28,
      "timestamp": "2024-12-03T11:11:07.681Z",
      "hash": "vk5voz0yAOcHQn7w6RN67KrgOeQ=",
      "skip": 0
    },
    {
      "type": "SET_OPERATION_SCHEMA",
      "input": {
        "id": "kVD5pEzD+MwUp+AX3edMzGXo2F8=",
        "schema": "input UpdateTransactionInput {\n  fromAccount: EthereumAddress\n  toAccount: EthereumAddress\n  amount: Amount_Money\n  datetime: DateTime\n  details: TransactionDetailsInput\n}\n"
      },
      "scope": "global",
      "id": "20e8497f-a89b-479e-b39f-be072d89c89c",
      "index": 29,
      "timestamp": "2024-12-03T11:11:24.043Z",
      "hash": "jh393H8SDmeSgOBmZJT+a4HU+0o=",
      "skip": 0
    },
    {
      "type": "SET_OPERATION_SCHEMA",
      "input": {
        "id": "kVD5pEzD+MwUp+AX3edMzGXo2F8=",
        "schema": ""
      },
      "scope": "global",
      "id": "43cb4e90-e336-4014-8c7a-9c343d444e41",
      "index": 30,
      "timestamp": "2024-12-03T11:11:41.734Z",
      "hash": "EyCKZ5/vStfqpDhsSqMhPe1tPts=",
      "skip": 0
    },
    {
      "type": "SET_OPERATION_SCHEMA",
      "input": {
        "id": "kVD5pEzD+MwUp+AX3edMzGXo2F8=",
        "schema": ""
      },
      "scope": "global",
      "id": "6215e0cb-a639-47a6-b874-7383745178ee",
      "index": 31,
      "timestamp": "2024-12-03T11:11:42.717Z",
      "hash": "EyCKZ5/vStfqpDhsSqMhPe1tPts=",
      "skip": 0
    },
    {
      "type": "SET_OPERATION_SCHEMA",
      "input": {
        "id": "kVD5pEzD+MwUp+AX3edMzGXo2F8=",
        "schema": "input UpdateTransactionInput {\n  fromAccount: EthereumAddress\n  toAccount: EthereumAddress\n  amount: Amount_Money\n  datetime: DateTime\n  details: TransactionDetailsInput\n}\n"
      },
      "scope": "global",
      "id": "a0fcac71-a094-44fc-88f8-84150dd3d15e",
      "index": 32,
      "timestamp": "2024-12-03T11:11:47.731Z",
      "hash": "jh393H8SDmeSgOBmZJT+a4HU+0o=",
      "skip": 0
    },
    {
      "type": "SET_OPERATION_SCHEMA",
      "input": {
        "id": "Sogtf1zw5A7oeK5/bloa3DYaB+k=",
        "schema": "input CreateTransactionEntryInput {\n  fromAccount: EthereumAddress\n  toAccount: EthereumAddress!\n  amount: Amount_Money!\n  datetime: DateTime!\n  details: TransactionDetailsInput!\n}\n\ninput TransactionDetailsInput {\n  __typename: String!\n  # For CryptoTransactionDetails\n  txHash: String\n  token: Currency\n  blockNumber: Int\n  # For BankTransactionDetails\n  currency: Currency\n  transactionId: String\n  referenceNumber: String\n}"
      },
      "scope": "global",
      "id": "d3dce166-0f6a-48ab-b3b4-b3bdfbdfbae0",
      "index": 33,
      "timestamp": "2024-12-03T11:12:35.671Z",
      "hash": "P8gJtL//XaPjiFKtyRJO2PsTDPA=",
      "skip": 0
    },
    {
      "type": "SET_OPERATION_SCHEMA",
      "input": {
        "id": "kVD5pEzD+MwUp+AX3edMzGXo2F8=",
        "schema": "input UpdateTransactionEntryInput {\n  fromAccount: EthereumAddress\n  toAccount: EthereumAddress\n  amount: Amount_Money\n  datetime: DateTime\n  details: TransactionDetailsInput\n}\n"
      },
      "scope": "global",
      "id": "663c62c9-c281-4fef-b1ab-5d447e7f7ae1",
      "index": 34,
      "timestamp": "2024-12-03T11:12:42.768Z",
      "hash": "4/jlWkIst84YYTl0RNKkvMIkLEs=",
      "skip": 0
    },
    {
      "type": "SET_OPERATION_SCHEMA",
      "input": {
        "id": "kVD5pEzD+MwUp+AX3edMzGXo2F8=",
        "schema": "input UpdateTransactionEntryInput {\n  fromAccount: EthereumAddress\n  toAccount: EthereumAddress\n  amount: Amount_Money\n  datetime: DateTime\n  details: TransactionDetailsInput\n}\n\ninput TransactionDetailsInput {\n  __typename: String!\n  # For CryptoTransactionDetails\n  txHash: String\n  token: Currency\n  blockNumber: Int\n  # For BankTransactionDetails\n  currency: Currency\n  transactionId: String\n  referenceNumber: String\n}\n"
      },
      "scope": "global",
      "id": "df09eaaa-752f-4987-b377-f2cf1be79a46",
      "index": 35,
      "timestamp": "2024-12-03T11:13:00.649Z",
      "hash": "aYAaULZyzx28MIyUWplIQ0+3f+k=",
      "skip": 0
    },
    {
      "type": "ADD_OPERATION",
      "input": {
        "id": "H6LY3kgfE5v2TjlY5Y/3gw04jKU=",
        "moduleId": "87XGHGmHfCwsHcJWzg8vfHUEF3k=",
        "name": "DELETE_TRANSACTION_ENTRY"
      },
      "scope": "global",
      "id": "e5f9d7c1-a666-428e-adad-9a043efa2111",
      "index": 36,
      "timestamp": "2024-12-03T11:13:20.014Z",
      "hash": "gWYQn3qAQ4iLUf2VpWSLYEA2ebo=",
      "skip": 0
    },
    {
      "type": "SET_OPERATION_SCHEMA",
      "input": {
        "id": "H6LY3kgfE5v2TjlY5Y/3gw04jKU=",
        "schema": "input DeleteTransactionEntryInput {\n  \"Add your inputs here\"\n  _placeholder: String\n}"
      },
      "scope": "global",
      "id": "5cbe689a-a6c2-4038-9d5a-6b50dda44ae9",
      "index": 37,
      "timestamp": "2024-12-03T11:13:20.053Z",
      "hash": "oOdIe+WWxUPFZstEkYtQOrrrY3M=",
      "skip": 0
    },
    {
      "type": "SET_OPERATION_DESCRIPTION",
      "input": {
        "id": "H6LY3kgfE5v2TjlY5Y/3gw04jKU=",
        "description": "Deletes a transaction from the account transactions state by its ID."
      },
      "scope": "global",
      "id": "ea242346-3dd8-42cf-b04a-662c80a447fa",
      "index": 38,
      "timestamp": "2024-12-03T11:13:27.761Z",
      "hash": "WcRVHxV5bSVyfKN1bVegxDlGaKc=",
      "skip": 0
    },
    {
      "type": "SET_OPERATION_SCHEMA",
      "input": {
        "id": "H6LY3kgfE5v2TjlY5Y/3gw04jKU=",
        "schema": "input DeleteTransactionEntryInput {\n  \n}"
      },
      "scope": "global",
      "id": "825468d4-4c65-4a40-a3a5-c4648afa7af4",
      "index": 39,
      "timestamp": "2024-12-03T11:14:05.782Z",
      "hash": "yq47zrtwHFYcvsloFF1ptUgsxh0=",
      "skip": 0
    },
    {
      "type": "SET_OPERATION_SCHEMA",
      "input": {
        "id": "H6LY3kgfE5v2TjlY5Y/3gw04jKU=",
        "schema": "input DeleteTransactionEntryInput {\n  id: ID!\n}"
      },
      "scope": "global",
      "id": "ca1175da-115d-482e-be7b-48f06a60fd88",
      "index": 40,
      "timestamp": "2024-12-03T11:14:09.010Z",
      "hash": "SxpbAjVI5GwZvRhAk9RJpo4vEl8=",
      "skip": 0
    },
    {
      "type": "SET_OPERATION_NAME",
      "input": {
        "id": "kVD5pEzD+MwUp+AX3edMzGXo2F8=",
        "name": "UPDATE_TRANSACTION"
      },
      "scope": "global",
      "id": "bc419f05-1c47-4cc3-a245-b66871ad6fa0",
      "index": 41,
      "timestamp": "2024-12-03T11:19:10.153Z",
      "hash": "RM3s9j7j7B5BgPehFQbeqBylQtU=",
      "skip": 0
    },
    {
      "type": "SET_OPERATION_NAME",
      "input": {
        "id": "Sogtf1zw5A7oeK5/bloa3DYaB+k=",
        "name": "CREATE_TRANSACTION"
      },
      "scope": "global",
      "id": "3dedb941-c4eb-43cd-81e6-c4da770d2da3",
      "index": 42,
      "timestamp": "2024-12-03T11:19:13.949Z",
      "hash": "SZpCxMslzda3PLtjNOX+4zvM1gs=",
      "skip": 0
    },
    {
      "type": "SET_OPERATION_SCHEMA",
      "input": {
        "id": "kVD5pEzD+MwUp+AX3edMzGXo2F8=",
        "schema": "input UpdateTransactionInput {\n  fromAccount: EthereumAddress\n  toAccount: EthereumAddress\n  amount: Amount_Money\n  datetime: DateTime\n  details: TransactionDetailsInput\n}\n\ninput TransactionDetailsInput {\n  __typename: String!\n  # For CryptoTransactionDetails\n  txHash: String\n  token: Currency\n  blockNumber: Int\n  # For BankTransactionDetails\n  currency: Currency\n  transactionId: String\n  referenceNumber: String\n}\n"
      },
      "scope": "global",
      "id": "3d13142f-6ed3-42b8-bf25-a5c48dd8f813",
      "index": 43,
      "timestamp": "2024-12-03T11:19:18.592Z",
      "hash": "pkviWRsBqiGRWUkmniazJJblizQ=",
      "skip": 0
    },
    {
      "type": "SET_OPERATION_SCHEMA",
      "input": {
        "id": "Sogtf1zw5A7oeK5/bloa3DYaB+k=",
        "schema": "input CreateTransactionInput {\n  fromAccount: EthereumAddress\n  toAccount: EthereumAddress!\n  amount: Amount_Money!\n  datetime: DateTime!\n  details: TransactionDetailsInput!\n}\n\ninput TransactionDetailsInput {\n  __typename: String!\n  # For CryptoTransactionDetails\n  txHash: String\n  token: Currency\n  blockNumber: Int\n  # For BankTransactionDetails\n  currency: Currency\n  transactionId: String\n  referenceNumber: String\n}"
      },
      "scope": "global",
      "id": "8651f3fc-8fd3-4020-948e-d2ce416c41d7",
      "index": 44,
      "timestamp": "2024-12-03T11:19:21.480Z",
      "hash": "z76DLMunlQHoKCcBbVUwnCGx+eY=",
      "skip": 0
    },
    {
      "type": "SET_OPERATION_NAME",
      "input": {
        "id": "H6LY3kgfE5v2TjlY5Y/3gw04jKU=",
        "name": "DELETE_TRANSACTION"
      },
      "scope": "global",
      "id": "ef3e91fd-30ae-47cd-a577-b5c4982405b3",
      "index": 45,
      "timestamp": "2024-12-03T11:19:23.847Z",
      "hash": "6lrkNqQqBF4N79SLiqxG+kaoLV8=",
      "skip": 0
    },
    {
      "type": "SET_OPERATION_SCHEMA",
      "input": {
        "id": "H6LY3kgfE5v2TjlY5Y/3gw04jKU=",
        "schema": "input DeleteTransactionInput {\n  id: ID!\n}"
      },
      "scope": "global",
      "id": "133855fd-7223-40ed-ae28-62b194cfded3",
      "index": 46,
      "timestamp": "2024-12-03T11:19:25.763Z",
      "hash": "kNFo1Q1uS3YOsFRXDtIs6QS3VS0=",
      "skip": 0
    },
    {
      "type": "SET_MODEL_DESCRIPTION",
      "input": {
        "description": "The AccountTransactions model is designed to track and manage all transactions associated with various accounts. Each transaction entry records critical details such as the source and destination accounts, transaction amount, timestamp, and specific transaction details tailored to the type of transaction (e.g., cryptocurrency or bank-related)."
      },
      "scope": "global",
      "id": "31b32ca0-1755-4ca9-9073-ad54b432b04c",
      "index": 47,
      "timestamp": "2024-12-04T07:17:37.035Z",
      "hash": "//ALdz01eD+ZKrBCzfUwL2cPGkE=",
      "skip": 0
    },
    {
      "type": "SET_AUTHOR_NAME",
      "input": {
        "authorName": "Teep"
      },
      "scope": "global",
      "id": "5a7977e1-a214-454a-88bf-d28adbede46d",
      "index": 48,
      "timestamp": "2024-12-04T07:17:38.478Z",
      "hash": "ALxklP5iAywuJCwst+nhMV3yMws=",
      "skip": 0
    },
    {
      "type": "SET_MODEL_EXTENSION",
      "input": {
        "extension": ".phdm"
      },
      "scope": "global",
      "id": "9c87f20f-8490-4670-9bde-c07b75875796",
      "index": 49,
      "timestamp": "2024-12-04T07:17:40.790Z",
      "hash": "Tcr637J8xt08vxfE33BGNqSvmxk=",
      "skip": 0
    },
    {
      "type": "SET_STATE_SCHEMA",
      "input": {
        "schema": "type AccountTransactionsState {\n  transactions: [TransactionEntry!]!\n  budgets: [Budget!]!\n}\n\ntype TransactionEntry {\n  id: ID!\n  fromAccount: EthereumAddress\n  toAccount: EthereumAddress\n  amount: Amount_Money!\n  datetime: DateTime!\n  details: TransactionDetails!\n}\n\nunion TransactionDetails = CryptoTransactionDetails | BankTransactionDetails\n\ntype CryptoTransactionDetails {\n  txHash: String!\n  token: Currency!\n  blockNumber: Int\n}\n\ntype BankTransactionDetails {\n  currency: Currency!\n  transactionId: String\n  referenceNumber: String\n}\n",
        "scope": "global"
      },
      "scope": "global",
      "id": "e8286075-87c2-4d0f-8c1f-2a1f1738d807",
      "index": 50,
      "timestamp": "2024-12-05T23:41:07.820Z",
      "hash": "0A+h6F2YWYCE23jiljMGymL+fLA=",
      "skip": 0
    },
    {
      "type": "SET_STATE_SCHEMA",
      "input": {
        "schema": "type AccountTransactionsState {\n  transactions: [TransactionEntry!]!\n  budgets: [Budget!]!\n}\n\ntype TransactionEntry {\n  id: ID!\n  fromAccount: EthereumAddress\n  toAccount: EthereumAddress\n  amount: Amount_Money!\n  datetime: DateTime!\n  details: TransactionDetails!\n  budget: OID\n}\n\nunion TransactionDetails = CryptoTransactionDetails | BankTransactionDetails\n\ntype CryptoTransactionDetails {\n  txHash: String!\n  token: Currency!\n  blockNumber: Int\n}\n\ntype BankTransactionDetails {\n  currency: Currency!\n  transactionId: String\n  referenceNumber: String\n}\n",
        "scope": "global"
      },
      "scope": "global",
      "id": "c86f1697-68a0-428a-8420-bed1a75eb6ce",
      "index": 51,
      "timestamp": "2024-12-05T23:41:17.435Z",
      "hash": "c1XZk2gCybaleMvagVPgzfsl9FA=",
      "skip": 0
    },
    {
      "type": "SET_STATE_SCHEMA",
      "input": {
        "schema": "type AccountTransactionsState {\n  transactions: [TransactionEntry!]!\n  budgets: [Budget!]!\n}\n\ntype TransactionEntry {\n  id: ID!\n  fromAccount: EthereumAddress\n  toAccount: EthereumAddress\n  amount: Amount_Money!\n  datetime: DateTime!\n  details: TransactionDetails!\n  budget: OID\n}\n\nunion TransactionDetails = CryptoTransactionDetails | BankTransactionDetails\n\ntype CryptoTransactionDetails {\n  txHash: String!\n  token: Currency!\n  blockNumber: Int\n}\n\ntype BankTransactionDetails {\n  currency: Currency!\n  transactionId: String\n  referenceNumber: String\n}\n\ntype Budget {\n  id: OID!\n  name: OLabel\n}\n",
        "scope": "global"
      },
      "scope": "global",
      "id": "e9ef9e6c-da3a-400d-93d5-65ceb1d1fd50",
      "index": 52,
      "timestamp": "2024-12-05T23:41:47.217Z",
      "hash": "OZg8QGSRsSEDccqjbqr2lotbsBM=",
      "skip": 0
    },
    {
      "type": "SET_STATE_SCHEMA",
      "input": {
        "schema": "type AccountTransactionsState {\n  transactions: [TransactionEntry!]!\n}\n\ntype TransactionEntry {\n  id: ID!\n  fromAccount: EthereumAddress\n  toAccount: EthereumAddress\n  amount: Amount_Money!\n  datetime: DateTime!\n  details: TransactionDetails!\n}\n\nunion TransactionDetails = CryptoTransactionDetails | BankTransactionDetails\n\ntype CryptoTransactionDetails {\n  txHash: String!\n  token: Currency!\n  blockNumber: Int\n}\n\ntype BankTransactionDetails {\n  currency: Currency!\n  transactionId: String\n  referenceNumber: String\n}\n",
        "scope": "global"
      },
      "scope": "global",
      "id": "24737985-1818-49aa-90e6-a07270613215",
      "index": 53,
      "timestamp": "2024-12-05T23:45:42.834Z",
      "hash": "Tcr637J8xt08vxfE33BGNqSvmxk=",
      "skip": 0
    },
    {
      "type": "SET_STATE_SCHEMA",
      "input": {
        "schema": "type AccountTransactionsState {\n  transactions: [TransactionEntry!]!\n  budgets: [Budget!]!\n}\n\ntype TransactionEntry {\n  id: ID!\n  fromAccount: EthereumAddress\n  toAccount: EthereumAddress\n  amount: Amount_Money!\n  datetime: DateTime!\n  details: TransactionDetails!\n  budget: OID\n}\n\nunion TransactionDetails = CryptoTransactionDetails | BankTransactionDetails\n\ntype CryptoTransactionDetails {\n  txHash: String!\n  token: Currency!\n  blockNumber: Int\n}\n\ntype BankTransactionDetails {\n  currency: Currency!\n  transactionId: String\n  referenceNumber: String\n}\n\ntype Budget {\n  id: OID!\n  name: OLabel\n}\n",
        "scope": "global"
      },
      "scope": "global",
      "id": "4ba12b97-6c7b-4c86-a005-682bb54bacbb",
      "index": 54,
      "timestamp": "2024-12-05T23:47:37.839Z",
      "hash": "OZg8QGSRsSEDccqjbqr2lotbsBM=",
      "skip": 0
    },
    {
      "type": "SET_OPERATION_SCHEMA",
      "input": {
        "id": "Sogtf1zw5A7oeK5/bloa3DYaB+k=",
        "schema": ""
      },
      "scope": "global",
      "id": "43a0f325-020b-4a09-8d06-a8733d44aabb",
      "index": 55,
      "timestamp": "2024-12-05T23:50:31.144Z",
      "hash": "cYWtFqeVxXGceIPemgzR9K88zIU=",
      "skip": 0
    },
    {
      "type": "SET_OPERATION_SCHEMA",
      "input": {
        "id": "Sogtf1zw5A7oeK5/bloa3DYaB+k=",
        "schema": ""
      },
      "scope": "global",
      "id": "93a72455-16f2-4868-85d3-3ea5ea83bdd9",
      "index": 56,
      "timestamp": "2024-12-05T23:50:32.483Z",
      "hash": "cYWtFqeVxXGceIPemgzR9K88zIU=",
      "skip": 0
    },
    {
      "type": "SET_OPERATION_SCHEMA",
      "input": {
        "id": "Sogtf1zw5A7oeK5/bloa3DYaB+k=",
        "schema": "input CreateTransactionInput {\n  fromAccount: EthereumAddress\n  toAccount: EthereumAddress\n  amount: Amount_Money!\n  datetime: DateTime!\n  details: TransactionDetailsInput!\n}\n\ninput TransactionDetailsInput {\n  crypto: CryptoTransactionDetailsInput\n  bank: BankTransactionDetailsInput\n}\n\ninput CryptoTransactionDetailsInput {\n  txHash: String!\n  token: Currency!\n  blockNumber: Int\n}\n\ninput BankTransactionDetailsInput {\n  currency: Currency!\n  transactionId: String\n  referenceNumber: String\n}\n"
      },
      "scope": "global",
      "id": "e9fea5a6-0949-4192-b20f-b76bcc492007",
      "index": 57,
      "timestamp": "2024-12-05T23:50:37.506Z",
      "hash": "fHWC0/PVb5JuZYYCCibapef/P4E=",
      "skip": 0
    },
    {
      "type": "SET_OPERATION_SCHEMA",
      "input": {
        "id": "Sogtf1zw5A7oeK5/bloa3DYaB+k=",
        "schema": "input CreateTransactionInput {\n  fromAccount: EthereumAddress\n  toAccount: EthereumAddress\n  amount: Amount_Money!\n  datetime: DateTime!\n  details: TransactionDetailsInput!\n  budget: OID\n}\n\ninput TransactionDetailsInput {\n  crypto: CryptoTransactionDetailsInput\n  bank: BankTransactionDetailsInput\n}\n\ninput CryptoTransactionDetailsInput {\n  txHash: String!\n  token: Currency!\n  blockNumber: Int\n}\n\ninput BankTransactionDetailsInput {\n  currency: Currency!\n  transactionId: String\n  referenceNumber: String\n}\n\ninput Budget {\n  id: OID!\n  name: OLabel\n}"
      },
      "scope": "global",
      "id": "d162be9b-ce2e-4517-a6bc-cdce94517c72",
      "index": 58,
      "timestamp": "2024-12-05T23:51:21.156Z",
      "hash": "sQon9f/qAie0eOJrfpXYd+bWdcc=",
      "skip": 0
    },
    {
      "type": "SET_OPERATION_SCHEMA",
      "input": {
        "id": "kVD5pEzD+MwUp+AX3edMzGXo2F8=",
        "schema": "\n\ninput TransactionDetailsInput {\n  __typename: String!\n  # For CryptoTransactionDetails\n  txHash: String\n  token: Currency\n  blockNumber: Int\n  # For BankTransactionDetails\n  currency: Currency\n  transactionId: String\n  referenceNumber: String\n}\n"
      },
      "scope": "global",
      "id": "89bae3b4-0576-4d9f-9810-0967e90c1c8a",
      "index": 59,
      "timestamp": "2024-12-05T23:51:44.285Z",
      "hash": "Sh089oFz9crPWeNjephDa6UeMB4=",
      "skip": 0
    },
    {
      "type": "SET_OPERATION_SCHEMA",
      "input": {
        "id": "kVD5pEzD+MwUp+AX3edMzGXo2F8=",
        "schema": "input UpdateTransactionInput {\n  fromAccount: EthereumAddress\n  toAccount: EthereumAddress\n  amount: Amount_Money\n  datetime: DateTime\n  details: TransactionDetailsInput\n  budget: OID\n}\n\n\ninput TransactionDetailsInput {\n  __typename: String!\n  # For CryptoTransactionDetails\n  txHash: String\n  token: Currency\n  blockNumber: Int\n  # For BankTransactionDetails\n  currency: Currency\n  transactionId: String\n  referenceNumber: String\n}\n"
      },
      "scope": "global",
      "id": "bba4e8b0-2b59-4453-b9cb-27cc74937d74",
      "index": 60,
      "timestamp": "2024-12-05T23:51:48.843Z",
      "hash": "5//sPouflhnA8XXeLXxujYJ75/E=",
      "skip": 0
    },
    {
      "type": "SET_OPERATION_SCHEMA",
      "input": {
        "id": "kVD5pEzD+MwUp+AX3edMzGXo2F8=",
        "schema": "input UpdateTransactionInput {\n  fromAccount: EthereumAddress\n  toAccount: EthereumAddress\n  amount: Amount_Money\n  datetime: DateTime\n  details: TransactionDetailsInput\n  budget: OID\n}\n"
      },
      "scope": "global",
      "id": "b1d2322f-e660-4c61-82b2-d6009e7034b0",
      "index": 61,
      "timestamp": "2024-12-05T23:52:51.843Z",
      "hash": "hhM0scUXzBVHdEzcPl9m25XPKEc=",
      "skip": 0
    },
    {
      "type": "SET_OPERATION_SCHEMA",
      "input": {
        "id": "kVD5pEzD+MwUp+AX3edMzGXo2F8=",
        "schema": "input UpdateTransactionInput {\n  fromAccount: EthereumAddress\n  toAccount: EthereumAddress\n  amount: Amount_Money\n  datetime: DateTime\n  details: TransactionDetailsInput\n  budget: OID\n}\n\ninput TransactionDetailsInput {\n  crypto: CryptoTransactionDetailsInput\n  bank: BankTransactionDetailsInput\n}\n\ninput CryptoTransactionDetailsInput {\n  txHash: String\n  token: Currency\n  blockNumber: Int\n}\n\ninput BankTransactionDetailsInput {\n  currency: Currency\n  transactionId: String\n  referenceNumber: String\n}\n"
      },
      "scope": "global",
      "id": "dcd3c1fa-23cc-45b4-a763-58deb6bfb3ba",
      "index": 62,
      "timestamp": "2024-12-05T23:52:56.843Z",
      "hash": "k13MORR6Z703Xf2KQKipLKJXr7Q=",
      "skip": 0
    },
    {
      "type": "ADD_OPERATION",
      "input": {
        "id": "XCbgeoIldJO45wmwK6wovR49e4A=",
        "moduleId": "87XGHGmHfCwsHcJWzg8vfHUEF3k=",
        "name": "CREATE_BUDGET"
      },
      "scope": "global",
      "id": "ef72d3ed-9e63-4f06-a0b6-829e43f296e8",
      "index": 63,
      "timestamp": "2024-12-05T23:53:35.291Z",
      "hash": "5JbKPliWnCsewtndAI2mTVSGV00=",
      "skip": 0
    },
    {
      "type": "SET_OPERATION_SCHEMA",
      "input": {
        "id": "XCbgeoIldJO45wmwK6wovR49e4A=",
        "schema": "input CreateBudgetInput {\n  \"Add your inputs here\"\n  _placeholder: String\n}"
      },
      "scope": "global",
      "id": "242a56d6-f1be-4fce-91c2-429c8aa8fad5",
      "index": 64,
      "timestamp": "2024-12-05T23:53:35.313Z",
      "hash": "QmZVBRGjaz24zYa336BLJYlVWY4=",
      "skip": 0
    },
    {
      "type": "SET_OPERATION_SCHEMA",
      "input": {
        "id": "XCbgeoIldJO45wmwK6wovR49e4A=",
        "schema": ""
      },
      "scope": "global",
      "id": "11a5a724-0834-4a9e-b027-c2e0ad663376",
      "index": 65,
      "timestamp": "2024-12-05T23:53:49.002Z",
      "hash": "5JbKPliWnCsewtndAI2mTVSGV00=",
      "skip": 0
    },
    {
      "type": "SET_OPERATION_SCHEMA",
      "input": {
        "id": "XCbgeoIldJO45wmwK6wovR49e4A=",
        "schema": "input CreateBudgetInput {\n  \"Add your inputs here\"\n  _placeholder: String\n}"
      },
      "scope": "global",
      "id": "242a56d6-f1be-4fce-91c2-429c8aa8fad5",
      "index": 66,
      "timestamp": "2024-12-05T23:53:35.313Z",
      "hash": "QmZVBRGjaz24zYa336BLJYlVWY4=",
      "skip": 2
    },
    {
      "type": "SET_OPERATION_SCHEMA",
      "input": {
        "id": "XCbgeoIldJO45wmwK6wovR49e4A=",
        "schema": ""
      },
      "scope": "global",
      "id": "11a5a724-0834-4a9e-b027-c2e0ad663376",
      "index": 67,
      "timestamp": "2024-12-05T23:53:49.002Z",
      "hash": "5JbKPliWnCsewtndAI2mTVSGV00=",
      "skip": 0
    },
    {
      "type": "DELETE_OPERATION",
      "input": {
        "id": "XCbgeoIldJO45wmwK6wovR49e4A="
      },
      "scope": "global",
      "id": "9efb95a4-86d7-4ae9-9f8e-d0dcbbd6dd56",
      "index": 68,
      "timestamp": "2024-12-05T23:53:52.711Z",
      "hash": "k13MORR6Z703Xf2KQKipLKJXr7Q=",
      "skip": 0
    },
    {
      "type": "ADD_OPERATION",
      "input": {
        "id": "9ZHMszQ6BIoIGBXolU6fnAhOjIU=",
        "moduleId": "87XGHGmHfCwsHcJWzg8vfHUEF3k=",
        "name": "CREATE_BUDGET"
      },
      "scope": "global",
      "id": "630a051a-a7c6-44a4-80ae-e55d81231b47",
      "index": 69,
      "timestamp": "2024-12-06T00:13:36.890Z",
      "hash": "LkHilIqI7TAF5FZfKlckdUTc5vM=",
      "skip": 0
    },
    {
      "type": "SET_OPERATION_SCHEMA",
      "input": {
        "id": "9ZHMszQ6BIoIGBXolU6fnAhOjIU=",
        "schema": "input CreateBudgetInput {\n  \"Add your inputs here\"\n  _placeholder: String\n}"
      },
      "scope": "global",
      "id": "f7efa2e1-4a49-4ca7-89a4-16772d978885",
      "index": 70,
      "timestamp": "2024-12-06T00:13:36.911Z",
      "hash": "JlqfmlJWWLbwIj114j7iXWnTz2M=",
      "skip": 0
    },
    {
      "type": "SET_OPERATION_SCHEMA",
      "input": {
        "id": "9ZHMszQ6BIoIGBXolU6fnAhOjIU=",
        "schema": ""
      },
      "scope": "global",
      "id": "2543c8ed-e29c-4739-aefa-fe120df2ec34",
      "index": 71,
      "timestamp": "2024-12-06T00:14:00.781Z",
      "hash": "LkHilIqI7TAF5FZfKlckdUTc5vM=",
      "skip": 0
    },
    {
      "type": "SET_OPERATION_SCHEMA",
      "input": {
        "id": "9ZHMszQ6BIoIGBXolU6fnAhOjIU=",
        "schema": ""
      },
      "scope": "global",
      "id": "415cc065-3a59-4764-9049-5a44d74d0c1a",
      "index": 72,
      "timestamp": "2024-12-06T00:14:42.197Z",
      "hash": "LkHilIqI7TAF5FZfKlckdUTc5vM=",
      "skip": 0
    },
    {
      "type": "SET_OPERATION_SCHEMA",
      "input": {
        "id": "9ZHMszQ6BIoIGBXolU6fnAhOjIU=",
        "schema": "input CreateBudgetInput {\n  name: OLabel!\n}"
      },
      "scope": "global",
      "id": "b1ce3e8e-5bbe-4364-ae10-2c3087b0e998",
      "index": 73,
      "timestamp": "2024-12-06T00:14:42.805Z",
      "hash": "gX1lqWZXgSn39YdtiGPy18Ndxjk=",
      "skip": 0
    },
    {
      "type": "SET_OPERATION_DESCRIPTION",
      "input": {
        "id": "9ZHMszQ6BIoIGBXolU6fnAhOjIU=",
        "description": "Adds a new budget to the account transactions state."
      },
      "scope": "global",
      "id": "99d42270-e42b-4729-8366-0466ca3e598a",
      "index": 74,
      "timestamp": "2024-12-06T00:15:10.882Z",
      "hash": "tXNm7gO1wk6QigdDxCk4p2oOaKE=",
      "skip": 0
    },
    {
      "type": "ADD_MODULE",
      "input": {
        "id": "HPFR6iAzokEnu5x35aKgGCY4ylI=",
        "name": "delete_budget"
      },
      "scope": "global",
      "id": "c9e8bb36-4de3-4693-a076-fef60c0db7f8",
      "index": 75,
      "timestamp": "2024-12-06T00:15:46.198Z",
      "hash": "2bCCGRZIUH7mhJp+QsE8zdIfZBM=",
      "skip": 0
    },
    {
      "type": "DELETE_MODULE",
      "input": {
        "id": "HPFR6iAzokEnu5x35aKgGCY4ylI="
      },
      "scope": "global",
      "id": "d45cbaa2-6d10-41bc-8ab5-14be67038249",
      "index": 76,
      "timestamp": "2024-12-06T00:15:53.567Z",
      "hash": "tXNm7gO1wk6QigdDxCk4p2oOaKE=",
      "skip": 0
    },
    {
      "type": "ADD_OPERATION",
      "input": {
        "id": "OKeAukJUlFpmU9U6CzN9NbjSbjc=",
        "moduleId": "87XGHGmHfCwsHcJWzg8vfHUEF3k=",
        "name": "DELETE_BUDGET"
      },
      "scope": "global",
      "id": "3a139a84-9304-4b7c-8ff5-3fc15c89c3b6",
      "index": 77,
      "timestamp": "2024-12-06T00:15:58.275Z",
      "hash": "RLoeiXxirDJXeOlb2zz8cVtsB5I=",
      "skip": 0
    },
    {
      "type": "SET_OPERATION_SCHEMA",
      "input": {
        "id": "OKeAukJUlFpmU9U6CzN9NbjSbjc=",
        "schema": "input DeleteBudgetInput {\n  \"Add your inputs here\"\n  _placeholder: String\n}"
      },
      "scope": "global",
      "id": "fd6be690-19d2-4fcf-8dfe-9e8447c05a22",
      "index": 78,
      "timestamp": "2024-12-06T00:15:58.296Z",
      "hash": "wuGWwHbCHo1B5Xj8KHCpBbA6+9k=",
      "skip": 0
    },
    {
      "type": "SET_OPERATION_SCHEMA",
      "input": {
        "id": "OKeAukJUlFpmU9U6CzN9NbjSbjc=",
        "schema": "input DeleteTransactionInput {\n  id: ID!\n}"
      },
      "scope": "global",
      "id": "002bc3c4-d585-4b9a-b26f-0cb6a451c2da",
      "index": 79,
      "timestamp": "2024-12-06T00:16:32.054Z",
      "hash": "vDqxhhSqF5nygdpfGiW9oCnYJds=",
      "skip": 0
    },
    {
      "type": "SET_OPERATION_SCHEMA",
      "input": {
        "id": "OKeAukJUlFpmU9U6CzN9NbjSbjc=",
        "schema": "input DeleteBudgetInput {\n  id: OID!\n}"
      },
      "scope": "global",
      "id": "e5ece0da-62af-4f53-91d2-1f2827ed65cf",
      "index": 80,
      "timestamp": "2024-12-06T00:16:46.805Z",
      "hash": "TzvFKfcfnyuONjCPcYCbXKRXExM=",
      "skip": 0
    },
    {
      "type": "SET_OPERATION_DESCRIPTION",
      "input": {
        "id": "OKeAukJUlFpmU9U6CzN9NbjSbjc=",
        "description": "Deletes a budget from the account transac"
      },
      "scope": "global",
      "id": "4a1c3396-52c9-4cde-b9a6-27b21305f7f5",
      "index": 81,
      "timestamp": "2024-12-06T00:17:06.658Z",
      "hash": "3FEMnwHkZ6sPpx0ItcsR9i2qb00=",
      "skip": 0
    },
    {
      "type": "DELETE_OPERATION",
      "input": {
        "id": "9ZHMszQ6BIoIGBXolU6fnAhOjIU="
      },
      "scope": "global",
      "id": "abe61fa1-78ec-4928-9f8c-39baae154841",
      "index": 82,
      "timestamp": "2024-12-06T00:17:08.130Z",
      "hash": "CqbtLM4qEzpmqNGbvWPuzpn0sF0=",
      "skip": 0
    },
    {
      "type": "DELETE_OPERATION",
      "input": {
        "id": "OKeAukJUlFpmU9U6CzN9NbjSbjc="
      },
      "scope": "global",
      "id": "02c68168-5b50-4703-81e1-662e44d9ec08",
      "index": 83,
      "timestamp": "2024-12-06T00:17:10.677Z",
      "hash": "k13MORR6Z703Xf2KQKipLKJXr7Q=",
      "skip": 0
    },
    {
      "type": "SET_OPERATION_SCHEMA",
      "input": {
        "id": "kVD5pEzD+MwUp+AX3edMzGXo2F8=",
        "schema": "input UpdateTransactionInput {\n  fromAccount: EthereumAddress\n  toAccount: EthereumAddress\n  amount: Amount_Money\n  datetime: DateTime\n  details: TransactionDetailsInput\n  budget: OID\n}\n\ninput TransactionDetailsInput {\n  crypto: CryptoTransactionDetailsInput\n  bank: BankTransactionDetailsInput\n}\n\ninput CryptoTransactionDetailsInput {\n  txHash: String\n  token: Currency\n  blockNumber: Int\n}\n\ninput BankTransactionDetailsInput {\n  currency: Currency\n  transactionId: String\n  referenceNumber: String\n}\n\ninput Budget {\n  id: OID!\n  name: OLabel\n}"
      },
      "scope": "global",
      "id": "5aa10f38-151e-4d58-94cc-a91e30f47e14",
      "index": 84,
      "timestamp": "2024-12-06T00:19:41.943Z",
      "hash": "Th2RSfJRoMHdiHPYszhHpXfzDGA=",
      "skip": 0
    },
    {
      "type": "ADD_MODULE",
      "input": {
        "id": "n6NuzAzf5fDP1Fe2Ho7eXoPs6aA=",
        "name": "update_transaction_budget"
      },
      "scope": "global",
      "id": "3468562f-5a30-4f52-9883-9306cd29ee68",
      "index": 85,
      "timestamp": "2024-12-06T00:29:51.791Z",
      "hash": "Pm1hbxmiodn+lf3ojcBXkmr/DoM=",
      "skip": 0
    },
    {
      "type": "DELETE_MODULE",
      "input": {
        "id": "n6NuzAzf5fDP1Fe2Ho7eXoPs6aA="
      },
      "scope": "global",
      "id": "4af348fe-87ea-42ca-9ecc-3131e50e30a3",
      "index": 86,
      "timestamp": "2024-12-06T00:29:56.466Z",
      "hash": "Th2RSfJRoMHdiHPYszhHpXfzDGA=",
      "skip": 0
    },
    {
      "type": "ADD_OPERATION",
      "input": {
        "id": "ooDUdEyVaH1nMemvuBUeg66juac=",
        "moduleId": "87XGHGmHfCwsHcJWzg8vfHUEF3k=",
        "name": "UPDATE_TRANSACTION_BUDGET"
      },
      "scope": "global",
      "id": "e59f31db-52fc-40c1-bd14-eeb55927dbcb",
      "index": 87,
      "timestamp": "2024-12-06T00:29:58.723Z",
      "hash": "k/eH+2t4mSOKjgYd6ju+EdEWwG8=",
      "skip": 0
    },
    {
      "type": "SET_OPERATION_SCHEMA",
      "input": {
        "id": "ooDUdEyVaH1nMemvuBUeg66juac=",
        "schema": "input UpdateTransactionBudgetInput {\n  \"Add your inputs here\"\n  _placeholder: String\n}"
      },
      "scope": "global",
      "id": "4d55fbda-d7b4-4a7b-8075-60f8744720ec",
      "index": 88,
      "timestamp": "2024-12-06T00:29:58.748Z",
      "hash": "oQyqFMK6Oa3k6/zt1g9Nwuo0d6I=",
      "skip": 0
    },
    {
      "type": "SET_OPERATION_DESCRIPTION",
      "input": {
        "id": "ooDUdEyVaH1nMemvuBUeg66juac=",
        "description": "Updates the budget associated with a specific transaction."
      },
      "scope": "global",
      "id": "5ead2691-b0e1-47ae-8acf-2d0f6f7e8adf",
      "index": 89,
      "timestamp": "2024-12-06T00:30:26.199Z",
      "hash": "vdItZwXUJWcJUsbOE2Ok5Bq7CBM=",
      "skip": 0
    },
    {
      "type": "SET_OPERATION_SCHEMA",
      "input": {
        "id": "ooDUdEyVaH1nMemvuBUeg66juac=",
        "schema": "input UpdateTransactionBudgetInput {\n  txId: ID!\n}"
      },
      "scope": "global",
      "id": "64f6e663-dd2c-496e-929a-c6466958ed39",
      "index": 90,
      "timestamp": "2024-12-06T00:31:14.311Z",
      "hash": "egMoJyNpxfdZqcQhuS5yg4T+vzc=",
      "skip": 0
    },
    {
      "type": "SET_OPERATION_SCHEMA",
      "input": {
        "id": "ooDUdEyVaH1nMemvuBUeg66juac=",
        "schema": "input UpdateTransactionBudgetInput {\n  txId: ID!,\n  \n}"
      },
      "scope": "global",
      "id": "18c72792-6ebc-4879-8eb5-6ccb88913195",
      "index": 91,
      "timestamp": "2024-12-06T00:31:21.353Z",
      "hash": "X//SkAH2HC9q9i0gsHEtaffggMw=",
      "skip": 0
    },
    {
      "type": "SET_OPERATION_SCHEMA",
      "input": {
        "id": "ooDUdEyVaH1nMemvuBUeg66juac=",
        "schema": "input UpdateTransactionBudgetInput {\n  txId: ID!,\n  budgetId: \n}"
      },
      "scope": "global",
      "id": "27924a74-bef7-4f84-b987-856b26459bac",
      "index": 92,
      "timestamp": "2024-12-06T00:31:36.130Z",
      "hash": "C4ZuLTxlq2lWARYKEAHdmbd2Ias=",
      "skip": 0
    },
    {
      "type": "SET_OPERATION_SCHEMA",
      "input": {
        "id": "ooDUdEyVaH1nMemvuBUeg66juac=",
        "schema": "input UpdateTransactionBudgetInput {\n  txId: ID!,\n  budgetId: OID!\n}"
      },
      "scope": "global",
      "id": "220659f7-b6ba-4374-b79a-4d79174c2da9",
      "index": 93,
      "timestamp": "2024-12-06T00:31:39.284Z",
      "hash": "juOyI6hhDrK1WygS6QWeOwQ98v4=",
      "skip": 0
    }
  ],
  "local": []
}